{"cameraMode":{"drawMode":0,"name":"Shaded","section":"Shading Mode"},"sceneLighting":false,"audioPlay":false,"sceneViewState":{"m_AlwaysRefresh":false,"showFog":false,"showSkybox":false,"showFlares":false,"showImageEffects":false,"showParticleSystems":false,"showVisualEffectGraphs":true,"m_FxEnabled":true},"in2DMode":false,"pivot":{"x":0.22004008293151856,"y":0.06882476806640625,"z":-0.35660111904144289},"rotation":{"x":-0.07486310601234436,"y":0.9027270674705505,"z":-0.38572728633880618,"w":-0.1752031296491623},"size":1.6166325807571412,"orthographic":false}